Richard Neudecker,richyneudecker,84
Naoki Wako,naokiwako,8387
Yangel Herrera,YangelHerrera8,8018
Leandro Putaro,LeandroPutaro,2
Marnick Vermijl,VermijlMarnick,19
Sebastián Gorga,sebagorga,296
Ruben Kristiansen,RubenKristianse,1423
Loïc Badiashile,Loic_Badiashile,6289
Luca Lezzerini,lucalezzerini,15569
Moussa Wagué,enarcenewman,688
Daniel Pavlovic,dannyljinhre,193
Alexandre Vincent,alexnvincent,105
Derrick Jones,TheRea1DJones,11971
Mariano Bareiro,Marianobareiro,5943
Samuel Di Carmine,SamDica,6
Akimi Barada,akimi20bara,9203
Matthew Grimes,mggrim,2791
Ramon Lopes,Ramon20Lopes,3842
Tobias Levels,tobiaslevels,0
Diadie Samassekou,diadios,456
Alex Crognale,alexcrognale,2011
Matías Sánchez,matisanchez,7351
Thomas Enevoldsen,therealenevolds,972
Joel,JoelOsteen,7474068
Sercan Sararer,SararerOffiziel,181
Liam Sercombe,SercombeLiam,6223
Leandro,Lhassum,2031309
Héctor Verdés,CampusHVerdes,77
Shogo Taniguchi,sh0g0715,35816
Marcus Olsson,olssonolsson,566
Omar Bogle,OmarBogle9,10243
Sebastian Szymanski,szymanskis,171
Rodolfo Vilchis,Rodolfovilchisc,966
A.J. DeLaGarza,AJD_20,22985
Romain Bayard,RomainBayard,498
Ben Amos,Amos_40,209929
Carmelo Valencia,carmelo_valenci,147
Vladimir Ilyin,vladimir4477,97
Óscar Rojas,oprieto9,35095
Ross Draper,rdraper08,1421
Leonardo Sánchez,Archie_clima,4739
Hiroyuki Abe,h1r0_0705,16601
Stergos Marinos,MarinosStergos,59
Andrew Nabbout,andrewnabbout,3060
Mathis Bolly,MathisBolly,349
Mateusz Mozdzen,MATIMOful,7
Gus Ledes,GusLedes,4030
Idrissa Doumbia,IdrissaDoumbia,10
Danny Hylton,SuperDannyH,288
Josete,JoseteAbarca,655
Tomoaki Makino,tonji5,670737
Nicolás Mezquida,nico_mezquida,2511
Mahlon Romeo,Mahlon_Romeo,4894
Stefan Mauk,StefanMauk,3022
Michael Petrasso,petrasso20,4440
Chris Basham,chrisbasham,522
Sinan Kurt,sinan_kurt_24,14886
Amin Nouri,_anouri,172
Fredrik Ulvestad,Freulv20,2
Bruno Wilson,BrunoWilson7,202
Simon Skrabb,SSkrabb,151
Guy Michel Landel,MichelLandel,38
Lucas Akins,AkinsLucas,734
Oliver Kragl,oliverkragl,11
Eddy,cue,145025
Koray Altinay,KorayAltinayCom,107
Gustavo Páez,tavopaez,3503
Frederik Børsting,7af3545365dd491,10
Vladimir Dyadyun,DyadyunVladimir,48
Matteo Ciofani,CiofaniMatteo,2
Steven Lawless,toryofold,1134
Hal Robson-Kanu,RobsonKanu,66054
Antoñito,RuizAntonito,45281
Jake Jervis,JJervis20,9031
John Verhoek,JohnVerhoek106,241
David González,DavidTVGonzalez,1473
Marc Vidal,marcvidal,92120
Diego Mendoza,Diego_Mendoza92,9120
Andrea Orlandi,andreaorlandi,482
Alex Pozo,AlexPozo7,3381
Lloyd Sam,MrLloydSam,18945
Licá,lica,211
Bakaye Dibassy,bakdib,1083
Valtteri Moren,ValtteriMoren,16
Valentin Rosier,el_pakiiiii,397
Fabien Antunes,antunes_fabien,102
Adam Larsen Kwarasey,akwarasey,23
Gennaro Acampora,GenniAcampora,1701
Daniel Steres,Dsteres44,1069
Jay Simpson,AschoffESPN,29462
Pedro Monteiro,pedro_pele26,772
Stefan Nutz,StefanNutz,2
Julian Schauerte,skyguyjs,0
Ben Halloran,BenHalloran23,15637
Marco Borgnino,MarcoBorgnino,625
Mattia Vitale,AirmattyVitale,2966
Tommy Høiland,hoeiland10,8096
Alessandro Piu,96PiuAlessandro,232
Anuar,anuarzainnet,10371
Javier Morales,javi_mo11,12233
Dairon Asprilla,daironasprilla,2363
Doganay Kiliç,hotenza,138
Jeff Reine-Adelaïde,jreineadelaide,5150
Billy McKay,billymckay22,6426
Park Chu Young,Chu_Young_Park,535
Elia Soriano,enanika_21,127
Richard Stearman,the_stears,47080
Matthias Bader,matthiasbader,61
Matt Smith,msmith_photo,1340
Paul Anderson,P18NDO,16473
Gaëtan Perrin,GaetanPerrin07,1177
Pité,bairopiteclinic,962
Luisinho,Luisinho,147
Alan Acosta,alanacostarubin,1041
Andrea Cocco,Andrea_Cocco,2646
Jack Elliott,jackells95,547
Andreas Linde,therealkerni,3252
Devante Parker,DeVanteParker11,63682
Gastón Díaz,Gaston_Diaz10,8474
Ricardo Faty,rickyfaty,21320
Mariano González,MarianoG_11,9050
Michael López,CommanderMLA,30651
Kevin van Veen,kevinvanveen,2968
Chris Maguire,editor_Maguire,4818
Bruno Miranda,bubarim,46141
Maximiliano Romero,masiromero_,579
