Roland Alberg,rolandalberg,1240
Waylon Francis,WaylonFrancis90,60442
Mattia Bani,MattiaBani,392
Diawandou Diagné,DiawandouD,276
Marco Chiosa,marcochiosa,22
Dico Koppers,Dico_Koppers,128
Gastón Togni,GastonTogni,1585
Racine Coly,racinecoly,7
Luigi Bruins,MiaPow07,677
Yakou Meité,MeiteYakou,4
Cyriaque Rivieyran,CYRERIVIEYRAN,5477
Brwa Nouri,NouriBrwa,11
Tatsuki Nara,NaraTatsuki,0
Gauthier Hein,gauthier_hein,2016
Kamil Drygas,kamildrygas2,2
Tyias Browning,tyiabrowning,4
Timo Beermann,TimoBeermann,6
Darko Bodul,DarkoBodul10,90
Nicolás Palacios,donpala26,705
Fabian Reese,FabianReese,13
Thomas Ephestion,Tephestion94,3971
Yoann Court,courtyoann14,1011
Billy Bodin,BillyBodin9,6322
Joaquín,lopezdoriga,7878281
Olivier Custodio,OlivierCustodio,7
Ali Messaoud,Ali_messaoud,2094
Heliardo,leleedesouza,211
Amir Hadziahmetovic,Gutinjo,1
Luke Hyam,LukeHyam19,12404
Dereck Kutesa,DereckKutesa,431
Rafa Mir,RafaMir33,5599
Emil Audero,EmilAudero,11791
Julien Bègue,tibegue_974,2101
Ventura Alvarado,Ventuzzz,38936
Gabriel Gudiño,ggudino10,1152
Caolan Lavery,clavery13,19313
Junya Tanaka,JUNYA18TANAKA,82300
Humberto Osorio,HumbertoOsorioG,155
Koji Miyoshi,KMiyoshi26,18147
Andreas Johansson,mr_johansson,2271
Viti,mon_viti,8660
Elgezabal,Unai3Elge,940
Matías Rojas,matiasrojasdl,2805
José Leguizamón,joselegui91,3262
José Aja,joanaja,318
Fran Cruz,francruz8,4630
Robin van der Meer,robinvdmeer,163
Zakarya Bergdich,zakaryabergdich,11766
Jimmy Roye,jimmyroyedunne,70
Tomasz Kuszczak,TomKuszczak,13435
Gabriele Marchegiani,GabMarchegiani,1280
Aiden O'Brien,AidenOBrien6,11
Raphaël Cacérès,RaphaelCaceres,2259
Michael Turner,michaelmuseums,2512
Bernard Tekpetey,BTekpetey32,1630
Martin Terrier,Martin_Terrier,7572
Barnabás Bese,BArNyX98,1
Jesús Isijara,jesusisijra11,38
Stefano Napoleoni,stenapoleoni,85
Akihiro Ienaga,AkihiroIenaga,208
Facundo Erpen,facuerpen5,14771
Aleksandar Tonev,tonev_a,198
Salvatore Molina,SalvatoreBaccup,0
Juan José Mezú,juanmezu10,327
Marco Caligiuri,Puedo88,12
Kingsley Madu,leokingscj10,75
Eugeni,eugenirodriguez,3340
Miladin Stevanovic,miladin60,1
Robin Söder,MarkusWulcan,7849
Luis Pérez,LFperezpiano,324
Rodolfo,barilirodolfo,714687
Nadir Çiftçi,No7News,109
Yalçin Ayhan,Ayhylc02,3468
Ali Al-Habsi,AliAlhabsi,941915
Rochinha,rochinha13,8337
Ramón Azeez,azeezOlamy,2888
Manucho,m_manu294,220
Harvey Barnes,harveybarnes97,4304
Kim Ho Nam,CastanosMaru,316
Kristoffer Haugen,krisshaugen,615
Campins,solercampins,5559
Sebastián Viera,sebavierareal,231568
Sam McQueen,sammcqueen123,14645
Thiago Cardoso,oficial_thrib22,957
Mateus Gonçalves,Mateus_Oficial0,2972
Magomed Musalov,musalovmagomed,2
Alan Aguerre,AguerreAlan,0
Gary Mackay-Steven,Gary__11,70824
Dominik Stroh-Engel,dudmann,1536
Jamie Hopcutt,hoppy07,3225
Shu Kurata,shu_kurata_11,134
Mathias Autret,Autret11,11447
Riccardo Improta,ImprotaRiccardo,539
Darnell Furlong,DarnellFurlong,4471
Francesco Signori,FRANKSIGNO,1
Fabrizio Poli,Fabrysilvia,1358
Fabián Viáfara,fabisncito107,13
Gjermund Åsen,TikiAasen,1791
Gino van Kessel,Ginovankessel,2965
Javier López,fjavilopez,8465
Marcus Bettinelli,marcusbettss,8241
Adrien Tamèze,AdrienTameze,1521
Seo Myeong Won,mandoooooo_,12
Martyn Woolford,martynwoolford,9659
Justin Eilers,86ad45073e9e4bd,19
Fernando Brandán,PenaTurdera,606
Mirko Gori,mir_gori8,51
Haris Radetinac,HarisRadetinac,0
Biagio Meccariello,biagiomeccariel,654
Hakan Arikan,elittek10,46
Fedor Cernych,FCernych,3
Aitor,EmbeVilla,826
Luis Carlos Murillo,LC_Murillo,224
Mustapha Yatabaré,MustYatabare9,15163
Alex Muñoz,propixLA,22462
Nikolay Zaytsev,zaytsev_n_s,105
Nasiru Mohammed,nasirumohammed2,1986
Lee Novak,coachnovak,5789
Danny Hoesen,Dangi97,484
Václav Procházka,VasekProchazka,65
Marco Silvestri,MarcoSilver1991,26799
James Bree,JamesBree3,119
Chris Duvall,chrisduvall91,3515
Peter Niemeyer,NiemeyerPeter,253
Fernando Márquez,elcroquis_mgz,1808
Andreas Isaksson,AndreasIsaksso1,53
