Yuya Nakasaka,yuuyavk,3446
Leart Paqarada,LeartPaqarada,3
Aaron Tshibola,AaronTshibola,25546
Joris Kayembe,JorisKayembe,2268
Gaetano Monachello,gaemona,2878
Anthony Walongwa,WalongwaAnthony,3299
Rodrigo Erramuspe,rodrierramuspe,40
Uriel Antuna,AntunaUriel,4469
Thierry Ambrose,Thierry_Ambrose,4
Domi Kumbela,DKumbela,51
Daniel Sjölund,JrSjolund,5
Yeltsin Tejeda,Yeltsin_Tejeda,228752
Álvaro Bustos,AlvaroBustos10,5280
Juan Caicedo,JB_Caicedo,1322
Marcus Edwards,c4marcus,7028
Brett Pitman,brettlpitman,973
Fouad Bachirou,Lilbach,1642
Isak Ssewankambo,SsewankamboIsak,2872
Guðmundur Þórarinsson,GudiThorarins,1876
Erkan Kas,erkan_kas,26349
Mark van der Maarel,MarkvdMaarel,2160
Gyliano van Velzen,Gyliano_vVelzen,24
Nélson Monte,MonteComedy,355
Marc Cardona,Marc11Cardona,4268
Iván Rossi,ivanRossii,19061
Karim Ziani,Kar_ziani,4115
Adam Rooney,17AdamRooney,16714
Filip Raicevic,FilipRaicevic1,5
Tom van Weert,TomvanWeert,126
Didier Delgado,Didier13dm,126
Jens Stryger Larsen,JensStryger,4035
Max Power,mp_1825,8137
Danilo Acosta,gobernadorsur,1640
Angus Gunn,AngusGunn01,24349
Glenn Claes,ClaesGlenn,3587
Jonathan Osorio,OsoJ92,5858
Lee Tae Hee,happylth,119
Jack Payne,Jackopayne1,10418
Conor Grant,gethappyConor,188
Baptiste Guillaume,CHBOUUT,2759
Ádám Lang,AdamPerryLang,11524
Mattia Aramu,MattiaAramu,4282
Nils Schouterden,NilsSchouterden,3151
Francesco Zampano,Fra_Zampano,134
Greg Kiltie,gregkiltie,3094
Mauricio Casierra,mauriciocasierr,10
Sander Svendsen,thesansven,874
Xavier Chavalerin,xchavalerin23,586
Dimitrios Goutas,GLOBONWEB,2
César,CesarAzpi,1684377
Diego Valoyes,DiegoValoyes_,301
Nili Perdomo,nili_lp7,3813
Rasmus Jönsson,19RasmusJ,2715
Steven Fortès,11sfFortes,2
Carlos González,CarGo5,108571
Mariano Barbieri,barbierimariano,4133
Manuel García,manugarpez,145387
Víctor Giraldo,victorgiraldomm,1370
Diego de Buen,DiegoDBuen,58070
Reece Oxford,reeceoxfordfans,19
Stiven Vega,StivenVega124,116
Nicolás Colazo,nicolascolazo,232516
Jhon Pérez,WALLI27,7470
Alex Ferrari,alexferraribr,15399
Nicolás Benedetti,nicobenedetti7,9306
Jonathan Ávila,avilamusic,2776
Jan Kliment,jan_kliment,207
Luís Machado,joaoluis28,914
Marius Wolf,M_27_W,1009
Lee Chan Dong,VROMANCEisrael,90
Jessy Pi,JessyPi25,4077
Martín Luque,Martintorralbo,2180
Florian Martin,FloMartin10,2487
Darko Lazic,DarkoLazic,1791
Román Torres,romantorres05,176622
Adaílton,adailtoncn,5936
Cristian Arrieta,26Arrieta,305
Vasco Costa,guiilhermecost,23254
Rubén Alcaraz,Filipy09,998
Lorenzo Gordinho,Lorenzo_Gordi,26817
Charilaos Charisis,CCharisis,224
Jérémy Choplin,Jeremy_Choplin,6473
Cédric Hountondji,C_Hountondji26,4110
Josh Brownhill,Brownhill10,10954
Saidy Janko,SaidyJanko,731
Gonzalo Castellani,gonzacastellani,83548
Juan Daniel Roa,JuanDRoa17,28139
Cristián Cuevas,ccuevasz,28392
Furkan Özçal,furkanozcal90,7
Piotr Leciejewski,PiotrLeciej,0
Jasmin Fejzic,JasminFejzic,242
Leonardo Bertone,LeonardoBertone,1
Jasmin Buric,JasminBuricBura,1
Sergio Marcos,Reino_Vikingo,22609
Viktor Lundberg,ViktorALundberg,3940
Jerry Ortiz,jerryfornm,437
Thabo Qalinge,Thabo_Qalinge,1620
Sam Nicholson,SamNicholsonASC,142
Igor Lichnovsky,igor_five,124865
Alexis Zapata,AlexisZapata_10,1599
Xavier Kouassi,xavier_kouassi,0
Edwin Valencia,edwinValfier,19466
Shane Lowry,ShaneLowryGolf,139947
Erling Knudtzon,KnudtZONE,1572
Saúl,mrbobodenkirk,480707
Raheem Edwards,reppitboyceo,876
Santiago Colombatto,santicolombatto,215
Yoshito Okubo,Okubonbon13,252386
Lucas Höler,god_bask3tball,52
Gonzalo Verón,veron385,166
Danny Swanson,DannyNicole14,297
Rick Dekker,RickDekker19,1415
Kosuke Nakamura,777C1a2r6p,5437
Paolo Fernandes,PaoloFernandes_,4934
Conor Chaplin,ConorChaplin19,11611
Tyler Adams,tyler_adams14,4095
Rodrigo Aliendro,petialiendro,70
Ömer Bayram,omerbayram19_,3540
Omar Govea,96govea,17717
Mandla Masango,MandlaMasango24,11642
Patrick Eze,KingPatrick_Eze,48
