Cesare Bovo,CesareBovo1,78
Rodéric Filippi,cork87,83
Sam Lammers,leijsam,21
Herman Stengel,HermanStengel,1590
Martin Männel,Martin_Maennel,1714
Robin Bormuth,RobinBormuth,93
Juan Foyth,JuanMFoyth,2191
Vincent Marchetti,Vincent_M19,1128
Gerson,Gina_Gerson,123489
Callum Robinson,CallumRobbo37,17581
Diego Chará,DiegoChara21,9103
Rafael,RafaelNadal,15101923
Emiliano Buendía,64Buendia,11
Maurice Edu,MauriceEdu,583092
Lucas Aveldaño,Aveldano_pela,25984
Mason Holgate,MasonHolgateee,30057
Iban Salvador,isalva10,3532
Robert Tesche,GermanTesche,261
Michael Kightly,MichaelKightly7,563
Josh Windass,JoshWindass,0
Claudio Terzi,TerziClaudio,11
Duncan Watmore,duncanwatmore,380
Vincent Marcel,vincentmarcel13,176
Gareth Barry,_GarethBarry,2445
Charlie Mulgrew,charlie_mulgrew,82636
Iasmin Latovlevici,ilatovlevici14,1670
Jermaine Jones,Jermainejunior,392675
Joseph Minala,MarieMbjm,5551
Fernández,CFKArgentina,5302138
Emanuel Reynoso,Ema_Reynoso,142
Alessandro Cordaro,AlessandroC21,119
Daniele Capelli,prince_dani10,8
Hassan Yebda,hassanyebda19,1433
Óscar Benítez,osanchezbenitez,978
Dennis Johnsen,17DennisTJ,99
Sebastián Hernández,nandez10,15507
Abdullah Durak,Abdulla96760365,77
Luis Robles,luisrobles1984,3515
Joan Román,Joan_Roman7,42281
Antonio Floro Flores,FloroFlores83,62064
Simon Thern,SimonThern,98
Mattia Zaccagni,Mattia_Zaccagni,224
Vittorio Parigini,VittoParigini,3883
Mejías,Tomas_Mejias,51534
Mattias Bjärsmyr,Bjars5,6504
John Lundstram,JLundstramFans,18
Clifford Aboagye,cliffortis,11337
Lee Kwang Sun,Bright_Sun2,4
Daryl Murphy,MurphyDaryl9,2247
Rémy Dugimont,remydugimont,1095
Oswaldo Vizcarrondo,Vizcarrondo4,291199
Boaz Myhill,boazmyhillHCFC,358
Leandro Greco,leandrogreco27,2230
Riad Nouri,riad_nouri,2
Marcin Robak,RobakMarcin82,166
Tomasz Jodlowiec,TomaszJodowiec,740
Alberto Brignoli,BrignoliAlberto,3357
Juan Cavallaro,juan_cavallaro,0
Raúl Loaiza,rloaizah,15
Suat Serdar,serdar_suat,0
Olcan Adin,Olcanadin,284870
Julian Green,J_Green37,582379
Patrice Evra,Evra,152859
Tim Ream,timream5,6524
Joey van den Berg,lardoncompany,324
Tom De Sutter,TomDeSutter9,8976
Souleymane Bamba,Souleymane_KB,68
Àngel Rangel,arangelz,66370
Luke Chambers,lukcha,2106
Artem Timofeev,1993_timofeev,645
Pablo Alvarado,pablocala25,26083
Tobias Werner,Twerner79,103
Carlos Arboleda,CarlosJArboleda,824
Gerrit Holtmann,holti2014,3
Declan Rudd,RuddDeclan1,0
Kelvin Leerdam,KelvinLeerdam,186
Bautista Merlini,Bautii_Mer,4
Mathias Wittek,H34G4R,0
Ghislain Gimbert,GhislainGimbert,406
Rafik Zekhnini,Zekhnini98,1011
Dominic Iorfa,DominicIorfa,21297
Andrea Seculin,secu90,4331
Darwin Cerén,CerenDarwin,11220
Guido Vadalá,Guido_Vadala,42361
Franco Arizala,lufaroce,94
Emerson Hyndman,emersonhyndman,33318
Khalifa Sankaré,khsankare,2008
Alex Cordaz,cafi51,70
Eric Lichaj,EricLichaj,36021
Mauricio Gómez,MauricioGomezCO,10964
Russell Martin,russellmartin55,273239
Tom Adeyemi,Justice4Adeyemi,42
Cole Skuse,ColeSkuse,409
Mauro Arambarri,MArambarri8,9067
James Wilson,_JamesWilson_,6691
Kike Sola,kike_sola,64083
Suleiman Abdullahi,s4suleiman,419
Jorge Correa,jorgecorrea_,838
Chris Cohen,chris_cohen_,413
Thomas Kessler,kess_18_,3177
Ifeanyi Mathew,AttahIfeanyi,14
Joãozinho,padrejoaozinho,151480
Chris Maxwell,chrismaxwell01,6986
Mehmet Batdal,M86BaT,69
Brayan Angulo,chicoangulo,4535
Matías Escudero,MatiEscu98,3169
Uwe Hünemeier,UweHuenemeier2,14052
Tomané,JoeTomane29,7539
Rúben Fernandes,fernsrubenruben,694
Issam Jebali,IJebali,132
Lys Mousset,lysmousset9,2516
Cristian Villagra,crvillagrac,606
Mehdi Lacen,_chemiko,8
Villalibre,oscarvillalibre,1254
Steffen Hagen,SteffenHagen1,107
Matt Jarvis,MrMattJarvis,78363
David Edwards,beachgamestv,28094
Alexis Vega,Alexis_Vega9,4807
Daniel Montenegro,El_Rolfi10,12183
Emanuel Aguilera,Emaaguilera89,182
Jhonathan Muñoz,CatireMunoz,3
Tom Clarke,TomClarkeC4,6413
Léo Silva,LeoS_compositor,852
Matt Targett,Mattytargett,31043
Christian Bolaños,BOLACRIS7,244740
Mossa,JMMossa,3711
Billy Sharp,billysharp10,210261
Molinero,Francis41334448,393
