Kevin Akpoguma,Akpogumakevin,5
Johan Kappelhof,JKappelhof4,2
Rob Schoofs,schoofsrob,2078
Iver Fossum,IverFossum,960
Norbert Gyömbér,gyomber23,136
Vegard Forren,vegardforren,232
Pål André Helland,phelland8,13499
Uffe Bech,UffeBech,1824
Jérémy Perbet,Officialjperbet,5072
Kekuta Manneh,kekuta16,7694
Romain Salin,RomainSALIN,15
Serkan Kirintili,Srkn_Krntl,70
Oscar Lewicki,OLewicki,14
Yeni Ngbakoto,Yeni_Ngbakoto23,6208
Nicolás Aguirre,penkaaguirre,7049
Moestafa El Kabir,Elkabir88,26930
Vid Belec,VidBelec1,158
Wesley,sneijder101010,4315527
Leandro Chichizola,LChichizola18,68731
Vladimir Gabulov,VGabulov,2
Osmar,bandadodoeosmar,1072
Maxi Moralez,mibellotti,1839
Nathan Baker,Bakesy23,42057
Roderick,johnroderick,33148
Rafael Baca,RafaBacaJr,29536
Edgar Badía,edgarbadia,8990
José Mauri,maurijose5,26518
Andile Jali,AndileJaliFacts,3239
Lucas Evangelista,Levangelista95,1778
Maximiliano Caire,MaxiCaire10,0
Alexander Hack,AlexanderHack69,0
Enzo Fernández,EnzoTeam,2070
Carlos Fierro,werofierro,211130
Aitor Sanz,aitorpipo6,242
Lee Jae Sung,AoiJAESUNG,82
Hernán Fredes,hernan_fredes,24916
Daniel Congré,dan05congre,1
Stephen Ireland,StephenIreland,26724
Baldomero Perlaza,baldoperlaza14,8998
Yeom Ki Hun,Yomeding,0
Marco Baixinho,Marco_Baixinho,2
Fabián Rinaudo,RinaudoOpina,18976
Markus Suttner,Suttner29,3780
Syam Ben Youssef,IssamSBY,716
Roland Lamah,RLamahOfficial,52
Dieumerci Ndongala,dmc_ndongala,7950
Václav Cerný,wendac68,26
Jeong Seung Hyeon,finalcontroller,0
Roger Assalé,aamekidc,18
Oliver Norwood,3o_op,7
Ryan Thomas,RyanThomas_30,5266
Sebastián Vegas,sebavegas6,3278
Yannick Cahuzac,yannickcahuzac,14278
Craig Cathcart,CraigCathcart,238
Ihlas Bebou,beo__94,1131
Manabu Saito,manabu0037,266507
Álvaro Jiménez,alvaro1jimenez,7380
Marvin Martin,Marvin__Martin,1139
Steven Fletcher,stevenfletch10,112114
Pape Sané,PapeSane5,0
Amilton,amilton,121
Paul Seguin,pauls1919,182
Ángelo Sagal,SagalAngelo,146
Giannis Gianniotas,Gianniotas20,557
Diego Fagundez,DiegoFagundez14,9978
Claudio Riaño,ClaudioRiao1,713
Mile Jedinák,MileJedinak,1535
Kevin McDonald,kevinthekith,17901
Chris Löwe,Loewe1984,100
Jérémy Pied,JrmyPied,47579
Eduardo López,EduardoLuisFut,197654
Darko Jevtic,Daki_der_Boss,2
Lassana Coulibaly,lassnacoul,2
Carlos Hernández,demiguelch,7588
João Teixeira,Joao_Teixeira17,25576
Frédéric Mendy,frederic_mendy,2
Ben Osborn,OsbornOn1,25622
Jorge Ortiz,jorgelortiz,1795
Diego Viera,diegoviera5,4740
Hélder Lopes,heldervaz,740
Mohammed Jahfali,MohammedJahfali,0
Alexandr Bukharov,AlexandrPoker,141
Harlee Dean,OfficialHDean,12375
Andreas Bjelland,BjellandNews,200
Chris Martin,ChrisMcomedy,19047
Renato Civelli,hakeiahnig,14
Bryan Rabello,bryan_rabello,398
Franck Tabanou,FranckTabanou,475
Graeme Shinnie,Shinzzaa,12887
Mirco Antenucci,BoringAntenucci,84
Adnane Tighadouini,adnann10,7157
Damien Marcq,DamienMarcq,3349
Liam Boyce,rob_sluggo,17718
Benito Raman,RamanBenito,13444
André Hoffmann,ASHoffmann58,471
Willard Katsande,WillardKatsande,98147
Adam Reach,AdamReach,20133
Fábio,fabiodnb,26983
David Pavelka,Davvidess,6
Bruno Zuculini,brunozuculini,23042
Mustafa Pektemek,mpektemek11,150070
Georg Margreitter,Margreitter88,7298
Danilo Avelar,avelardanilo,21808
Kevin Diks,KevinDiks_,3102
Ibrahim Ghaleb,ImGhaleb,44
Libor Kozák,Libor_Kozak,20406
Barry Bannan,bazzabannan25,91402
Ricardo Reyes,l_reyes14,7749
Camilo,djcamilo,318637
Michiel Kramer,kramerinho,14434
Fabien Lemoine,FabLemoineOff,12493
Guaita,vguaita13,1916
Marco Motta,mottambulo,612
Edgar Costa,edgartraveler,233
Susaeta,paulasusaetas,1649
James Collins,JamesCollinsPN,6579
Manuel Gulde,ManuelGulde,21
Montañés,montanes_albert,31444
Aleksandar Ignjovski,Ignjovski,10147
Sam Johnstone,samjohnstone50,210447
Rachid Alioui,RachidALIOUI17,4385
Massimo Luongo,MassLuongo,49241
Israel Jiménez,Isra_jimenez2,142277
Marc Navarro,MarcNavarro7,2715
Erick Torres,erickestefano15,195787
Alex Smithies,AlexSmithies,105
Concha,BuikaMusic,29269
Dominik Kaiser,dokai1612,187
Reza Ghoochannejhad,gh_reza,62163
